{
    "$schema": "https://schemas.wp.org/trunk/theme.json",
    "version": 2,
    "title": "Lite",
    "settings": {
        "layout": {
            "contentSize": "999px",
            "wideSize": "1280px"
        },
        "color": {
            "palette": [
                {
                    "color": "#fffdfd",
                    "name": "Base",
                    "slug": "base"
                },
                {
                    "color": "#696969",
                    "name": "Body Text",
                    "slug": "body-text"
                },
                {
                    "color": "#f6f6f6",
                    "name": "Section Background",
                    "slug": "section-bg"
                },
                {
                    "color": "#071b33",
                    "name": "Headings",
                    "slug": "heading"
                },
                {
                    "color": "#0092FF",
                    "name": "Primary",
                    "slug": "primary"
                },
                {
                    "color": "#091D3E",
                    "name": "Secondary",
                    "slug": "secondary"
                }
            ]
        },
        "typography": {
            "fontFamilies": [
                {
                    "fontFamily": "\"Jost\", sans-serif",
                    "name": "Jost",
                    "slug": "jost",
                    "fontFace": [
                        {
                            "fontFamily": "Jost",
                            "fontWeight": "400",
                            "fontStyle": "normal",
                            "fontStretch": "",
                            "src": [
                                "file:./assets/fonts/Jost-Regular.woff"
                            ]
                        },
                        {
                            "fontFamily": "Jost",
                            "fontWeight": "500",
                            "fontStyle": "normal",
                            "fontStretch": "",
                            "src": [
                                "file:./assets/fonts/Jost-Medium.woff"
                            ]
                        },
                        {
                            "fontFamily": "Jost",
                            "fontWeight": "600",
                            "fontStyle": "normal",
                            "fontStretch": "",
                            "src": [
                                "file:./assets/fonts/Jost-SemiBold.woff"
                            ]
                        },
                        {
                            "fontFamily": "Jost",
                            "fontWeight": "700",
                            "fontStyle": "normal",
                            "fontStretch": "",
                            "src": [
                                "file:./assets/fonts/Jost-Bold.woff"
                            ]
                        }
                    ]
                },
                {
                    "fontFamily": "\"Rubik\", sans-serif",
                    "name": "Rubik",
                    "slug": "rubik",
                    "fontFace": [
                        {
                            "fontFamily": "Rubik",
                            "fontWeight": "400",
                            "fontStyle": "normal",
                            "fontStretch": "",
                            "src": [
                                "file:./assets/fonts/Rubik-Regular.woff"
                            ]
                        },
                        {
                            "fontFamily": "Rubik",
                            "fontWeight": "500",
                            "fontStyle": "normal",
                            "fontStretch": "",
                            "src": [
                                "file:./assets/fonts/Rubik-Medium.woff"
                            ]
                        }
                    ]
                }
            ],
            "fontSizes": [
                {
                    "name": "Body Text",
                    "slug": "body-text",
                    "size": "16px"
                },
                {
                    "name": "Small",
                    "slug": "small",
                    "size": "14px"
                },
                {
                    "name": "Medium",
                    "slug": "medium",
                    "size": "18px"
                },
                {
                    "name": "Regular",
                    "slug": "regular",
                    "size": "22px"
                },
                {
                    "name": "Large",
                    "slug": "large",
                    "size": "26px"
                },
                {
                    "name": "Extra Large",
                    "slug": "extra-large",
                    "size": "32px"
                },
                {
                    "name": "Big",
                    "slug": "big",
                    "size": "clamp(33px, calc(2.0625rem + ((1vw - 3.2px) * 2.0625)), 66px);"
                },
                {
                    "name": "Huge",
                    "slug": "huge",
                    "size": "clamp(40px, calc(2.25rem + ((1vw - 3.2px) * 2.375)), 74px);"
                },
                {
                    "name": "Gigantic",
                    "slug": "gigantic",
                    "size": "clamp(42px, calc(2.625rem + ((1vw - 3.2px) * 2.75)), 86px);"
                },
                {
                    "name": "Banner Title",
                    "slug": "banner-title",
                    "size": "clamp(2.875rem, 2.518rem + 1.786vw, 4.125rem)"
                },
                {
                    "name": "Section Title",
                    "slug": "section-title",
                    "size": "clamp(2rem, 1.714rem + 1.429vw, 3rem)"
                }
            ],
            "fontWeight": true,
            "lineHeight": true
        },
        "appearanceTools": true,
        "useRootPaddingAwareAlignments": true,
        "spacing": {
			"padding": true,
			"margin": true,
			"blockGap": true,
			"units": [
				"px",
                "%",
				"em",
				"rem",
				"vh",
				"vw"
			]
		}
    },
    "styles": {
        "blocks": {
            "core/site-title": {
                "typography": {
                    "fontSize": "clamp(2.25rem, 1.933rem + 1.587vw, 3.5rem)",
                    "fontWeight": "500",
                    "lineHeight": "1.2",
                    "letterSpacing": "1px"
                },
                "elements": {
                    "link": {
                        "color": {
                            "text": "var(--wp--preset--color--secondary)"
                        },
                        "typography": {
                            "textDecoration": "none",
                            "textTransform": "capitalize"
                        }
                    }
                }
            },
            "core/navigation": {
                "typography": {
                    "fontFamily": "var(--wp--preset--font-family--rubik)",
                    "fontSize": "var(--wp--preset--font-size--body-text)",
                    "fontWeight": "500",
                    "letterSpacing": "2px"
                },
                "elements": {
                    "link": {
                        "color": {
                            "text": "var(--wp--preset--color--secondary)"
                        },
                        ":hover": {
                            "color": {
                                "text": "var(--wp--preset--color--primary)"
                            }
                        },
                        ":focus": {
                            "color": {
                                "text": "var(--wp--preset--color--primary)"
                            },
                            "outline": {
                                "width": "1px",
                                "style": "dotted"
                            }
                        }
                    }
                }
            }
        },
        "typography": {
            "fontFamily": "var(--wp--preset--font-family--rubik)",
            "fontSize": "var(--wp--preset--font-size--body-text)",
            "fontWeight": "400",
            "lineHeight": "1.5rem"
        },
        "color": {
            "text": "var(--wp--preset--color--body-text)",
            "background": "var(--wp--preset--color--base)"
        },
        "spacing": {
            "margin": {
                "top": "0",
                "bottom": "0",
                "right": "0",
                "left": "0"
            },
            "padding": {
                "top": "0",
                "bottom": "0",
                "right": "0",
                "left": "0"
            }
        },
        "elements": {
            "heading": {
                "typography": {
                    "fontFamily": "var(--wp--preset--font-family--jost)",
                    "fontWeight": "500"
                },
                "color": {
                    "text": "var(--wp--preset--color--heading)"
                }
            },
            "h1": {
                "typography": {
                    "fontSize": "38px",
                    "lineHeight": "1.5"
                }
            },
            "h2": {
                "typography": {
                    "fontSize": "32px",
                    "lineHeight": "1.3"
                }
            },
            "h3": {
                "typography": {
                    "fontSize": "26px"
                }
            },
            "h4": {
                "typography": {
                    "fontSize": "22px"
                }
            },
            "h5": {
                "typography": {
                    "fontSize": "18px"
                }
            },
            "h6": {
                "typography": {
                    "fontSize": "16px"
                }
            },
            "link": {
                "color": {
                    "text": "var(--wp--preset--color--heading)"
                },
                ":hover": {
                    "color": {
                        "text": "var(--wp--preset--color--primary)"
                    }
                },
                ":focus": {
                    "color": {
                        "text": "var(--wp--preset--color--primary)"
                    },
                    "outline": {
                        "width": "1px",
                        "style": "dotted"
                    }
                }
            },
            "button": {
                "color": {
                    "background": "var(--wp--preset--color--primary)",
                    "text": "var(--wp--preset--color--white)"
                },
                ":hover": {
                    "color": {
                        "background": "var(--wp--preset--color--secondary)",
                        "text": "var(--wp--preset--color--white)"
                    }
                }
            }
        }
    },
    "templateParts": [
		{
			"name": "header",
			"area": "header"
		},
		{
			"name": "footer",
			"area": "footer"
		}
	]
}